top_traffic_accident_offense,first_occurrence_date,lon,lat,tu1_travel_direction,tu2_travel_direction,road_description,road_condition,light_condition,datetime,date,time,injured,tu1_vehicle_type_binned,tu2_vehicle_type_binned,tu1_driver_action_binned,tu2_driver_action_binned,tu1_human_factor_binned,tu2_human_factor_binned,vehicle_type_match,tu1_vehicle_size,tu2_vehicle_size,vehicle_size_diff,abs_vehicle_size_diff,vehicle_size_relation,smaller_vehicle_action,larger_vehicle_action,day_of_week,weekend,weekday,month,hour,is_night,morning_rush,evening_rush,same_driver_action,any_unknown_vehicle,any_aggressive_or_careless,any_failure_to_yield,any_unknown_human_factor,incident_address_clean,is_highway,index_right,speed_limit,road_name,distance_to_road_m,road_join_quality,road_match_ok,speed_limit_missing,speed_limit_category
TRAF - ACCIDENT               ,2458305.5256944443,-104.97874361,39.74001562,west,west,at intersection,dry,dark-lighted,2018-07-06 00:36:59.999988375,2018-07-06,00:36:59,False,passenger_car_or_van,suv,no_action,aggressive_or_careless,no_apparent,inexperience_or_unfamiliar,different,2,3,-1,1,vehicle_2_larger,no_action,aggressive_or_careless,4,False,True,7,0,True,False,False,False,False,True,False,False,e colfax ave / n washington st,False,3396,30.0,N WASHINGTON ST,0.0784890707404392,excellent,True,False,medium
TRAF - ACCIDENT               ,2458482.245833333,-104.96194895,39.73674727,south,west,alley related,dry,dark-lighted,2018-12-29 17:53:59.999981222,2018-12-29,17:53:59,False,suv,suv,failure_to_yield,no_action,no_apparent,no_apparent,same,3,3,0,0,same_size,same_size,same_size,5,True,False,12,17,False,False,False,False,False,False,True,False,2100 block e 13th ave,False,29044,30.0,E 13TH AVE,7.768015727989105,excellent,True,False,medium
TRAF - ACCIDENT - HIT & RUN   ,2458900.2916666665,-105.02502919,39.72514002,west,west,highway interchange,dry,dark-lighted,2020-02-20 18:59:59.999986584,2020-02-20,18:59:59,False,suv,passenger_car_or_van,aggressive_or_careless,no_action,no_apparent,no_apparent,different,3,2,1,1,vehicle_1_larger,no_action,aggressive_or_careless,3,False,True,2,18,False,False,True,False,False,True,False,False,eb 6th to federal ramp / n federal blvd,False,15424,35.0,N FEDERAL BLVD,0.09274609415773155,excellent,True,False,medium
TRAF - ACCIDENT - HIT & RUN   ,2460174.1243055556,-104.79885062,39.77335341,east,east,parking lot,dry,daylight,2023-08-17 14:59:00.000003572,2023-08-17,14:59:00,False,suv,passenger_car_or_van,aggressive_or_careless,no_action,unknown,no_apparent,different,3,2,1,1,vehicle_1_larger,no_action,aggressive_or_careless,3,False,True,8,14,False,False,False,False,False,True,False,True,16221 e 40th ave,False,27125,25.0,E 40TH AVE,50.84667451124345,weak,False,False,low
TRAF - ACCIDENT - HIT & RUN   ,2458120.5694444445,-104.83253904,39.78226268,under investigation,under investigation,under investigation,under investigation,underinvestigation,2018-01-02 01:40:00.000004471,2018-01-02,01:40:00,False,unknown,unknown,unknown,unknown,unknown,unknown,unknown,,,,,unknown,unknown,unknown,1,False,True,1,1,True,False,False,True,True,False,False,True,4800 block n crown blvd,False,12317,25.0,N BLACKHAWK WAY,21.961317918307596,good,True,False,low
TRAF - ACCIDENT               ,2460400.20625,-105.01269596,39.75536709,south,south,non-intersection,dry,daylight,2024-03-30 16:56:59.999983903,2024-03-30,16:56:59,False,passenger_car_or_van,suv,aggressive_or_careless,no_action,inexperience_or_unfamiliar,no_apparent,different,2,3,-1,1,vehicle_2_larger,aggressive_or_careless,no_action,5,True,False,3,16,False,False,False,False,False,True,False,False,i25 hwysb / n speer blvd,True,5738,55.0,INTERSTATE 25,0.029676447821187456,excellent,True,False,high
TRAF - ACCIDENT - SBI         ,2460867.24375,-104.92112163,39.71126933,south,west,,,,2025-07-10 17:50:59.999991956,2025-07-10,17:50:59,True,suv,suv,aggressive_or_careless,no_action,medical_or_ability,no_apparent,same,3,3,0,0,same_size,same_size,same_size,3,False,True,7,17,False,False,True,False,False,True,False,False,e alameda ave / s ivy st,False,18245,35.0,E ALAMEDA AVE,0.022561739579285728,excellent,True,False,medium
TRAF - ACCIDENT               ,2456477.084027778,-104.92993417,39.652974,east,east,driveway access related,dry,daylight,2013-07-03 14:01:00.000009834,2013-07-03,14:01:00,False,passenger_car_or_van,suv,aggressive_or_careless,other,distracted,no_apparent,different,2,3,-1,1,vehicle_2_larger,aggressive_or_careless,other,2,False,True,7,14,False,False,False,False,False,True,False,False,4900 block e hampden ave,False,8963,40.0,E HAMPDEN AVE,7.918403311791283,excellent,True,False,medium_high
TRAF - ACCIDENT - DUI/DUID    ,2457404.4993055556,-104.99542807,39.76079306,southwest,,intersection related,dry,dark-lighted,2016-01-16 23:59:00.000003572,2016-01-16,23:59:00,False,suv,unknown,turning_or_backing,unknown,impairment,unknown,unknown,3,,,,unknown,unknown,unknown,5,True,False,1,23,True,False,False,False,True,False,False,True,w 31st ave / n fox st,False,29964,25.0,W 31ST AVE,0.02456685530216336,excellent,True,False,low
TRAF - ACCIDENT               ,2457580.309027778,-104.9911988,39.75000523,southeast,south,at intersection,dry,daylight,2016-07-10 19:25:00.000017878,2016-07-10,19:25:00,False,suv,passenger_car_or_van,turning_or_backing,other,no_apparent,no_apparent,different,3,2,1,1,vehicle_1_larger,other,turning_or_backing,6,True,False,7,19,False,False,False,False,False,False,False,False,19th st / curtis st,False,2705,25.0,CURTIS ST,0.11010970148340093,excellent,True,False,low
TRAF - ACCIDENT               ,2460120.6458333335,-104.67381232,39.84929165,south,,parking lot,dry,dark-lighted,2023-06-25 03:30:00.000013415,2023-06-25,03:30:00,False,passenger_car_or_van,unknown,lane_or_position,unknown,no_apparent,unknown,unknown,2,,,,unknown,unknown,unknown,6,True,False,6,3,True,False,False,False,True,False,False,True,8400 pena blvd,True,24939,25.0,LEVEL 5 RD,90.8346258155564,weak,False,False,low
TRAF - ACCIDENT               ,2459926.575,-104.98919465,39.78004322,east,east,non-intersection,dry,dark-lighted,2022-12-13 01:48:00.000016096,2022-12-13,01:48:00,False,pickup_or_utility_van,pickup_or_utility_van,aggressive_or_careless,no_action,no_apparent,no_apparent,same,3,3,0,0,same_size,same_size,same_size,1,False,True,12,1,True,False,False,False,False,True,False,False,i70 hwyeb / i25 hwynb,True,29264,55.0,INTERSTATE 25,0.02830901148309369,excellent,True,False,high
TRAF - ACCIDENT               ,2459217.2354166666,-105.01396607,39.74043541,south,south,non intersection,dry,dark-unlighted,2021-01-02 17:38:59.999994637,2021-01-02,17:38:59,False,passenger_car_or_van,passenger_car_or_van,no_action,no_action,no_apparent,no_apparent,same,2,2,0,0,same_size,same_size,same_size,5,True,False,1,17,False,False,False,True,False,False,False,False,i25 hwynb / w colfax ave,True,3354,40.0,W COLFAX AVE,0.0560790079214623,excellent,True,False,medium_high
TRAF - ACCIDENT               ,2457499.8125,-105.02513746,39.72542597,west,west,non intersection,dry,daylight,2016-04-21 07:30:00.000000000,2016-04-21,07:30:00,False,pickup_or_utility_van,passenger_car_or_van,aggressive_or_careless,other,no_apparent,no_apparent,different,3,2,1,1,vehicle_1_larger,other,aggressive_or_careless,3,False,True,4,7,False,True,False,False,False,True,False,False,w 6th ave / n federal blvd,False,14803,35.0,N FEDERAL BLVD,0.0894910389035923,excellent,True,False,medium
TRAF - ACCIDENT               ,2457556.972222222,-104.67381232,39.84929165,southwest,north,parking lot,dry,daylight,2016-06-17 11:19:59.999982121,2016-06-17,11:19:59,False,suv,passenger_car_or_van,aggressive_or_careless,other,other,no_apparent,different,3,2,1,1,vehicle_1_larger,other,aggressive_or_careless,4,False,True,6,11,False,False,False,False,False,True,False,False,8400 pena blvd,True,24939,25.0,LEVEL 5 RD,90.8346258155564,weak,False,False,low
TRAF - ACCIDENT               ,2458770.013888889,-104.9754284,39.77296039,south,south,at intersection,dry,daylight,2019-10-13 12:20:00.000008943,2019-10-13,12:20:00,False,pickup_or_utility_van,passenger_car_or_van,lane_or_position,no_action,no_apparent,no_apparent,different,3,2,1,1,vehicle_1_larger,no_action,lane_or_position,6,True,False,10,12,False,False,False,False,False,False,False,False,38th st / n brighton blvd,False,12578,30.0,N BRIGHTON BLVD,0.024468719240305994,excellent,True,False,medium
TRAF - ACCIDENT - HIT & RUN   ,2458684.0493055554,-104.9187746,39.74014374,east,east,non intersection,dry,daylight,2019-07-19 13:10:59.999987484,2019-07-19,13:10:59,False,pickup_or_utility_van,passenger_car_or_van,aggressive_or_careless,no_action,inexperience_or_unfamiliar,no_apparent,different,3,2,1,1,vehicle_1_larger,no_action,aggressive_or_careless,4,False,True,7,13,False,False,False,False,False,True,False,False,e colfax ave / n jasmine st,False,26238,35.0,E COLFAX AVE,0.2758902087461066,excellent,True,False,medium
TRAF - ACCIDENT               ,2461009.590277778,-104.95976077,39.75446618,north,east,at intersection,dry,dark-lighted,2025-11-30 02:10:00.000017878,2025-11-30,02:10:00,False,passenger_car_or_van,suv,no_action,no_action,no_apparent,no_apparent,different,2,3,-1,1,vehicle_2_larger,no_action,no_action,6,True,False,11,2,True,False,False,True,False,False,False,False,e 26th ave / n york st,False,10515,30.0,E 26TH AVE,0.15074184062891052,excellent,True,False,medium
TRAF - ACCIDENT - HIT & RUN   ,2459646.120833333,-105.0532757,39.71725368,north,north,non-intersection,dry,daylight,2022-03-07 14:53:59.999981222,2022-03-07,14:53:59,False,passenger_car_or_van,passenger_car_or_van,aggressive_or_careless,no_action,distracted,unknown,same,2,2,0,0,same_size,same_size,same_size,0,False,True,3,14,False,False,False,False,False,True,False,True,35 n sheridan blvd,False,371,35.0,N SHERIDAN BLVD,0.16041851154023706,excellent,True,False,medium
TRAF - ACCIDENT               ,2458781.245833333,-104.96600064,39.73840191,west,south,at intersection,dry,dawnordusk,2019-10-24 17:53:59.999981222,2019-10-24,17:53:59,False,bicycle_or_motorized_bicycle,passenger_car_or_van,other,no_action,other,no_apparent,different,,2,,,unknown,unknown,unknown,3,False,True,10,17,False,False,True,False,False,False,False,False,e 14th ave / n williams st,False,30249,30.0,E 14TH AVE,0.07504236800288841,excellent,True,False,medium
TRAF - ACCIDENT - HIT & RUN   ,2457796.1708333334,-105.01394905,39.74032553,north,north,non intersection,dry,daylight,2017-02-11 16:06:00.000005362,2017-02-11,16:06:00,False,suv,passenger_car_or_van,other,no_action,no_apparent,no_apparent,different,3,2,1,1,vehicle_1_larger,no_action,other,5,True,False,2,16,False,False,False,False,False,False,False,False,i25 hwynb / w colfax ave,True,5083,55.0,INTERSTATE 25,0.13579939647670294,excellent,True,False,high
TRAF - ACCIDENT - HIT & RUN   ,2459113.4090277776,-105.04566941,39.78736557,west,west,non intersection,dry,dark-lighted,2020-09-20 21:48:59.999985694,2020-09-20,21:48:59,False,passenger_car_or_van,suv,aggressive_or_careless,no_action,other,no_apparent,different,2,3,-1,1,vehicle_2_larger,aggressive_or_careless,no_action,6,True,False,9,21,True,False,False,False,False,True,False,False,4500 block w 50th ave,False,5037,25.0,W 50TH AVE,7.767518316471216,excellent,True,False,low
TRAF - ACCIDENT - HIT & RUN   ,2460378.997916667,-104.98012351,39.7073693,north,north,non-intersection,dry,dark-lighted,2024-03-09 11:57:00.000010725,2024-03-09,11:57:00,False,passenger_car_or_van,passenger_car_or_van,lane_or_position,no_action,unknown,unknown,same,2,2,0,0,same_size,same_size,same_size,5,True,False,3,11,False,False,False,False,False,False,False,True,500 block s pearl st,False,13736,25.0,E VIRGINIA AVE,14.01575435927446,good,True,False,low
TRAF - ACCIDENT               ,2460067.839583333,-104.9407119,39.7177936,north,north,non-intersection,dry,daylight,2023-05-03 08:08:59.999981222,2023-05-03,08:08:59,False,passenger_car_or_van,suv,aggressive_or_careless,no_action,distracted,no_apparent,different,2,3,-1,1,vehicle_2_larger,aggressive_or_careless,no_action,2,False,True,5,8,False,True,False,False,False,True,False,False,n colorado blvd / e 1st ave,False,9766,25.0,E 1ST AVE,0.019725565181542275,excellent,True,False,low
TRAF - ACCIDENT               ,2458032.234722222,-104.99332444,39.75902158,west,west,non intersection,dry,daylight,2017-10-05 17:37:59.999998209,2017-10-05,17:37:59,False,passenger_car_or_van,passenger_car_or_van,other,no_action,no_apparent,no_apparent,same,2,2,0,0,same_size,same_size,same_size,3,False,True,10,17,False,False,True,False,False,False,False,False,1800 block park avew,False,24927,30.0,PARK AVE W,7.872828860002532,excellent,True,False,medium
TRAF - ACCIDENT               ,2457128.857638889,-104.69535392,39.83339485,east,,non intersection,slushy,daylight,2015-04-16 08:35:00.000008943,2015-04-16,08:35:00,False,pickup_or_utility_van,unknown,speed_related,unknown,no_apparent,unknown,unknown,3,,,,unknown,unknown,unknown,3,False,True,4,8,False,True,False,False,True,False,False,True,25000 block pena blvd inbound,True,26853,65.0,PENA BLVD INBOUND,7.731465807461878,excellent,True,False,very_high
TRAF - ACCIDENT - DUI/DUID    ,2458306.5208333335,-104.90709914,39.63427757,south,south,non intersection,dry,dark-lighted,2018-07-07 00:30:00.000013415,2018-07-07,00:30:00,False,passenger_car_or_van,suv,aggressive_or_careless,no_action,impairment,no_apparent,different,2,3,-1,1,vehicle_2_larger,aggressive_or_careless,no_action,5,True,False,7,0,True,False,False,False,False,True,False,False,i25 hwysb / i225 hwynb,True,19429,55.0,INTERSTATE 25,0.0874010778270482,excellent,True,False,high
TRAF - ACCIDENT - HIT & RUN   ,2457535.375,-104.99762464,39.75308282,south,north,parking lot,wet,dark-lighted,2016-05-26 21:00:00.000000000,2016-05-26,21:00:00,False,suv,pickup_or_utility_van,turning_or_backing,unknown,fatigue_or_sleep,unknown,different,3,3,0,0,same_size,same_size,same_size,3,False,True,5,21,True,False,False,False,False,False,False,True,18th st / wazee st,False,9076,25.0,WAZEE ST,0.18740962820704352,excellent,True,False,low
TRAF - ACCIDENT               ,2457081.2006944446,-104.86574324,39.77562153,east,east,highway interchange,dry,daylight,2015-02-27 16:49:00.000012515,2015-02-27,16:49:00,False,heavy_truck,heavy_truck,aggressive_or_careless,other,other,no_apparent,same,,,,,unknown,unknown,unknown,4,False,True,2,16,False,False,True,False,False,True,False,False,i70 hwyeb / n havana st,True,5934,40.0,N HAVANA ST,0.054243113428986016,excellent,True,False,medium_high
TRAF - ACCIDENT - HIT & RUN   ,2460312.0208333335,-105.02514611,39.76143829,north,north,non-intersection,dry,daylight,2024-01-02 12:30:00.000013415,2024-01-02,12:30:00,False,unknown,passenger_car_or_van,aggressive_or_careless,no_action,medical_or_ability,no_apparent,unknown,,2,,,unknown,unknown,unknown,1,False,True,1,12,False,False,False,False,True,True,False,False,3100 block n federal blvd,False,11767,35.0,N FEDERAL BLVD,7.424163893843399,excellent,True,False,medium
TRAF - ACCIDENT               ,2459900.875,-104.96651375,39.78547702,south,south,non-intersection,icy,daylight,2022-11-17 09:00:00.000000000,2022-11-17,09:00:00,False,pickup_or_utility_van,pickup_or_utility_van,speed_related,no_action,other,no_apparent,same,3,3,0,0,same_size,same_size,same_size,3,False,True,11,9,False,False,False,False,False,False,False,False,4900 block n brighton blvd,False,30266,30.0,N BRIGHTON BLVD,14.625700861716757,good,True,False,medium
TRAF - ACCIDENT - HIT & RUN   ,2459014.0729166665,-105.00429669,39.75562301,north,north,non intersection,dry,daylight,2020-06-13 13:44:59.999986584,2020-06-13,13:44:59,False,passenger_car_or_van,suv,aggressive_or_careless,no_action,no_apparent,no_apparent,different,2,3,-1,1,vehicle_2_larger,aggressive_or_careless,no_action,5,True,False,6,13,False,False,False,False,False,True,False,False,1600 block little raven st,False,12762,25.0,LITTLE RAVEN ST,7.542379476606846,excellent,True,False,low
TRAF - ACCIDENT               ,2457485.9125,-104.99047238,39.72565704,south,east,at intersection,dry,daylight,2016-04-07 09:54:00.000008043,2016-04-07,09:54:00,False,unknown,passenger_car_or_van,unknown,other,unknown,no_apparent,unknown,,2,,,unknown,unknown,unknown,3,False,True,4,9,False,False,False,False,True,False,False,True,n bannock st / w 6th ave,False,6936,30.0,N BANNOCK ST,0.0023755699533839084,excellent,True,False,medium
TRAF - ACCIDENT               ,2460944.048611111,-105.0532458,39.76660776,north,north,at intersection,dry,daylight,2025-09-25 13:09:59.999991056,2025-09-25,13:09:59,False,passenger_car_or_van,suv,aggressive_or_careless,no_action,fatigue_or_sleep,no_apparent,different,2,3,-1,1,vehicle_2_larger,aggressive_or_careless,no_action,3,False,True,9,13,False,False,False,False,False,True,False,False,n sheridan blvd / w 36th ave,False,14463,35.0,N SHERIDAN BLVD,0.24680284776403247,excellent,True,False,medium
TRAF - ACCIDENT               ,2457586.472222222,-104.86610891,39.66751325,south,west,at intersection,dry,dark-lighted,2016-07-16 23:19:59.999982121,2016-07-16,23:19:59,False,passenger_car_or_van,passenger_car_or_van,failure_to_obey,other,aggressive_or_evading,no_apparent,same,2,2,0,0,same_size,same_size,same_size,5,True,False,7,23,True,False,False,False,False,False,False,False,s havana st / e yale ave,False,24666,25.0,E YALE AVE,0.18967969600735463,excellent,True,False,low
TRAF - ACCIDENT - HIT & RUN   ,2457836.4381944444,-104.99857646,39.75774831,northwest,northwest,at intersection,wet,dark-lighted,2017-03-23 22:30:59.999996427,2017-03-23,22:30:59,False,unknown,bus,other,no_action,no_apparent,no_apparent,unknown,,4,,,unknown,unknown,unknown,3,False,True,3,22,True,False,False,False,True,False,False,False,20th st / chestnut pl,False,359,25.0,CHESTNUT PL,0.028807880196418247,excellent,True,False,low
TRAF - ACCIDENT               ,2457113.2291666665,-105.0132293,39.72567654,north,north,non intersection,dry,daylight,2015-03-31 17:29:59.999986584,2015-03-31,17:29:59,False,heavy_truck,passenger_car_or_van,lane_or_position,lane_or_position,no_apparent,no_apparent,different,,2,,,unknown,unknown,unknown,1,False,True,3,17,False,False,True,True,False,False,False,False,i25 hwynb / w 6th ave,True,13394,55.0,W 6TH AVENUE FWY,0.16968516251650126,excellent,True,False,high
TRAF - ACCIDENT               ,2458516.9604166667,-104.68048876,39.83694906,north,other,at intersection,dry,daylight,2019-02-02 11:03:00.000002681,2019-02-02,11:03:00,False,passenger_car_or_van,other,aggressive_or_careless,other,phone_or_device,other,different,2,,,,unknown,unknown,unknown,5,True,False,2,11,False,False,False,False,False,True,False,False,26296 e 78th ave,False,24124,25.0,E 78TH AVE,103.92751198061778,bad,False,False,low
TRAF - ACCIDENT               ,2456941.1458333335,-105.02572392,39.67601842,south,east,parking lot,dry,daylight,2014-10-10 15:30:00.000013415,2014-10-10,15:30:00,False,suv,pickup_or_utility_van,aggressive_or_careless,other,inexperience_or_unfamiliar,no_apparent,different,3,3,0,0,same_size,same_size,same_size,4,False,True,10,15,False,False,False,False,False,True,False,False,2285 s federal blvd,False,15308,40.0,S FEDERAL BLVD,57.42571934811993,weak,False,False,medium_high
TRAF - ACCIDENT               ,2458592.1847222224,-104.95932897,39.70022285,west,north,at intersection,dry,daylight,2019-04-18 16:26:00.000014305,2019-04-18,16:26:00,False,passenger_car_or_van,suv,failure_to_yield,no_action,no_apparent,no_apparent,different,2,3,-1,1,vehicle_2_larger,failure_to_yield,no_action,3,False,True,4,16,False,False,True,False,False,False,True,False,e kentucky ave / s university blvd,False,22083,30.0,S UNIVERSITY BLVD,0.0772259633075549,excellent,True,False,medium
TRAF - ACCIDENT               ,2460996.8743055556,-104.84703712,39.77400663,east,east,non-intersection,dry,daylight,2025-11-17 08:59:00.000003572,2025-11-17,08:59:00,False,pickup_or_utility_van,suv,lane_or_position,no_action,distracted,no_apparent,different,3,3,0,0,same_size,same_size,same_size,0,False,True,11,8,False,True,False,False,False,False,False,False,i70 hwyeb / n peoria st,True,1916,55.0,INTERSTATE 70,0.17516728984357247,excellent,True,False,high
TRAF - ACCIDENT - HIT & RUN   ,2456976.75,-104.90330332,39.78518465,,,parking lot,dry,dark-lighted,2014-11-15 06:00:00.000000000,2014-11-15,06:00:00,False,unknown,heavy_truck,other,other,no_apparent,no_apparent,unknown,,,,,unknown,unknown,unknown,5,True,False,11,6,False,False,False,True,True,False,False,False,7120 e 49th ave,False,20302,25.0,E 49TH AVE,7.843882112008079,excellent,True,False,low
TRAF - ACCIDENT - HIT & RUN   ,2458829.0256944443,-104.97977723,39.73441984,north,north,non intersection,dry,,2019-12-11 12:36:59.999988375,2019-12-11,12:36:59,False,other,other,aggressive_or_careless,no_action,other,other,same,,,,,unknown,unknown,unknown,2,False,True,12,12,False,False,False,False,False,True,False,False,1100 block n pearl st,False,13456,25.0,N PEARL ST,7.462233165132859,excellent,True,False,low
TRAF - ACCIDENT               ,2458697.047222222,-105.01269596,39.75536709,other,other,,,,2019-08-01 13:07:59.999998209,2019-08-01,13:07:59,False,other,other,other,other,other,other,same,,,,,unknown,unknown,unknown,3,False,True,8,13,False,False,False,True,False,False,False,False,i25 hwysb / n speer blvd,True,5738,55.0,INTERSTATE 25,0.029676447821187456,excellent,True,False,high
TRAF - ACCIDENT               ,2458661.872916667,-104.93273119,39.72923346,north,east,at intersection,dry,daylight,2019-06-27 08:57:00.000010725,2019-06-27,08:57:00,False,passenger_car_or_van,passenger_car_or_van,failure_to_yield,no_action,no_apparent,no_apparent,same,2,2,0,0,same_size,same_size,same_size,3,False,True,6,8,False,True,False,False,False,False,True,False,e 8th ave / n dexter st,False,473,30.0,E 8TH AVE,0.13513381920124456,excellent,True,False,medium
TRAF - ACCIDENT - HIT & RUN   ,2457383.1770833335,-104.95286296,39.71908613,east,west,non intersection,wet,daylight,2015-12-26 16:15:00.000013415,2015-12-26,16:15:00,False,unknown,heavy_truck,turning_or_backing,other,no_apparent,no_apparent,unknown,,,,,unknown,unknown,unknown,5,True,False,12,16,False,False,False,False,True,False,False,False,2940 e 2nd ave,False,4835,25.0,E 2ND AVE,35.941961825359996,okay,True,False,low
TRAF - ACCIDENT               ,2457091.75,-105.0132293,39.72567654,northeast,north,intersection related,dry,dawnordusk,2015-03-10 06:00:00.000000000,2015-03-10,06:00:00,False,pickup_or_utility_van,heavy_truck,aggressive_or_careless,other,aggressive_or_evading,no_apparent,different,3,,,,unknown,unknown,unknown,1,False,True,3,6,False,False,False,False,False,True,False,False,i25 hwynb / w 6th ave,True,13394,55.0,W 6TH AVENUE FWY,0.16968516251650126,excellent,True,False,high
TRAF - ACCIDENT               ,2456490.7395833335,-104.89695392,39.63770983,southeast,southeast,intersection related,dry,daylight,2013-07-17 05:45:00.000013415,2013-07-17,05:45:00,False,passenger_car_or_van,suv,aggressive_or_careless,other,no_apparent,no_apparent,different,2,3,-1,1,vehicle_2_larger,aggressive_or_careless,other,2,False,True,7,5,True,False,False,False,False,True,False,False,8000 block e quincy ave,False,3008,25.0,PRIVATE RD,11.607335517084582,good,True,False,low
TRAF - ACCIDENT               ,2457505.011805556,-104.89320279,39.78543226,north,south,at intersection,dry,daylight,2016-04-26 12:17:00.000019668,2016-04-26,12:17:00,False,passenger_car_or_van,suv,failure_to_yield,other,no_apparent,no_apparent,different,2,3,-1,1,vehicle_2_larger,failure_to_yield,other,1,False,True,4,12,False,False,False,False,False,False,True,False,e northfield blvd / n uinta st,False,104,25.0,PRIVATE RD,0.174439271394307,excellent,True,False,low
TRAF - ACCIDENT               ,2461076.9375,-105.02876728,39.71114588,east,south,at intersection,dry,daylight,2026-02-05 10:30:00.000000000,2026-02-05,10:30:00,False,suv,suv,failure_to_obey,no_action,distracted,no_apparent,same,3,3,0,0,same_size,same_size,same_size,3,False,True,2,10,False,False,False,False,False,False,False,False,w alameda ave / s hooker st,False,2659,25.0,S HOOKER ST,0.11388805576412495,excellent,True,False,low
